sender,receiver,amount,timestamp
615b31d098872d4b901fb1a1,615b31d898872d4b901fb1a3,1000,4/10/2021 19:21:55
615b31d098872d4b901fb1a1,615b31d898872d4b901fb1a3,100,4/10/2021 19:22:38
615b31d898872d4b901fb1a3,615b31de98872d4b901fb1a5,10560,4/10/2021 19:23:19
615b31de98872d4b901fb1a5,615b31e498872d4b901fb1a7,20550,4/10/2021 19:24:16
615b31e498872d4b901fb1a7,615b31ea98872d4b901fb1a9,50,4/10/2021 19:28:51
615b31e498872d4b901fb1a7,615b31ea98872d4b901fb1a9,30,4/10/2021 19:28:56
615b31e498872d4b901fb1a7,615b31ea98872d4b901fb1a9,5,4/10/2021 19:29:00
615b31e498872d4b901fb1a7,615b31ea98872d4b901fb1a9,1000,4/10/2021 19:29:06
615b31e498872d4b901fb1a7,615b31d098872d4b901fb1a1,10,4/10/2021 19:29:44
615b31e498872d4b901fb1a7,615b31d098872d4b901fb1a1,10,4/10/2021 19:29:46
615b31e498872d4b901fb1a7,615b31d098872d4b901fb1a1,1000,4/10/2021 19:32:36
615b31e498872d4b901fb1a7,615b31d098872d4b901fb1a1,10000,4/10/2021 19:33:42
615b31d098872d4b901fb1a1,615b31d898872d4b901fb1a3,1000,4/10/2021 19:34:55
615b31d098872d4b901fb1a1,615b31d898872d4b901fb1a3,500,4/10/2021 19:35:11
615b31d898872d4b901fb1a3,615b31d098872d4b901fb1a1,500,4/10/2021 19:37:13
615b31d898872d4b901fb1a3,615b31d098872d4b901fb1a1,500,4/10/2021 19:38:30
615b31d098872d4b901fb1a1,615b31e498872d4b901fb1a7,1000,4/10/2021 19:40:05
615b31d098872d4b901fb1a1,615b31e498872d4b901fb1a7,8420,4/10/2021 19:40:32
615b31e498872d4b901fb1a7,615b31de98872d4b901fb1a5,7865,4/10/2021 19:41:19
615b31e498872d4b901fb1a7,615b31ea98872d4b901fb1a9,10000,4/10/2021 19:42:05
